dimension,word,beta,direction
1,alimentation,790.4139253750275,positive
1,aérien,543.9656523043798,positive
1,dumping,404.02059493338356,positive
1,gentili,345.15407312486593,positive
1,patron,296.89938077556116,positive
1,japonaise,260.9937230473466,positive
1,child,259.7067595528425,positive
1,télévision,245.09898354571297,positive
1,syndicale,238.3845618832969,positive
1,baltes,235.27006211915324,positive
1,cuivre,219.62758398129043,positive
1,marxisme,199.07427385691528,positive
1,forêt,193.78006946531463,positive
1,douanier,183.8613582694929,positive
1,transatlantic,178.0488862791808,positive
1,exploitations,156.77623951543748,positive
1,environnementale,140.31377597584546,positive
1,gorbatchev,121.22418114521732,positive
1,adt,120.33238451581744,positive
1,brady,116.4873606257258,positive
1,rta,111.3439975242524,positive
1,uti,109.9080477283981,positive
1,possidetis,101.60949709210684,positive
1,bits,97.68645657842902,positive
1,ricardian,89.90126060959201,positive
1,détroits,83.51627240564815,positive
1,indochine,81.50806242234034,positive
1,syndicats,81.36117012586948,positive
1,stéréotypes,81.10390486213886,positive
1,bene,79.61637325660018,positive
1,meinung,-229.04546689412282,negative
1,nordic,-179.46737937660262,negative
1,cinéma,-167.84792772115608,negative
1,gsp,-109.59806767436012,negative
1,coton,-108.64898196206477,negative
1,québec,-99.30734309098206,negative
1,pnud,-96.82796046491944,negative
1,chimique,-87.91230551750186,negative
1,japonaises,-87.54962680764365,negative
1,brandt,-86.12144459876893,negative
1,sadc,-86.02600632437385,negative
1,mur,-85.48666035040823,negative
1,christianisme,-74.32273556610481,negative
1,dsu,-69.64176921406323,negative
1,civique,-68.4937291689621,negative
1,pipelines,-66.88784020634736,negative
1,football,-61.991865586846465,negative
1,authentique,-56.27178475858234,negative
1,maux,-54.899107624416466,negative
1,autochtone,-54.76153287167137,negative
1,monétaires,-53.78449693623789,negative
1,otages,-52.72709216085634,negative
1,parité,-52.18858864489563,negative
1,rhin,-52.116034242619676,negative
1,esclavage,-50.80067939401243,negative
1,navales,-50.77884302478583,negative
1,impôt,-50.045742410895606,negative
1,contrat,-49.785442264707676,negative
1,méditerranéenne,-48.58532582534602,negative
1,singapour,-47.05014588756463,negative
2,nordic,445.0647172323712,positive
2,football,210.62394678901498,positive
2,proportionnalité,195.84739812220818,positive
2,pipelines,140.22659437918415,positive
2,child,135.8442216851009,positive
2,dsu,119.4895597840656,positive
2,contrat,90.84257549443649,positive
2,estate,88.39034123838434,positive
2,contagion,70.23002225098992,positive
2,rta,56.60673888623324,positive
2,démographie,48.273383620784934,positive
2,méditerranéenne,46.502545877662286,positive
2,authentique,46.2125311647093,positive
2,kong,43.66447484783844,positive
2,hong,42.8411285723075,positive
2,rhin,40.565835843861,positive
2,autochtone,38.83597353830312,positive
2,mur,38.73341468008831,positive
2,dam,36.7704115084683,positive
2,exil,35.97050722640369,positive
2,ipr,35.93244352318101,positive
2,foncière,35.3972321358866,positive
2,balkanique,35.12315305435267,positive
2,esa,33.19290094017532,positive
2,maux,31.450800371764096,positive
2,repetition,30.385336826359254,positive
2,civique,29.29252065933865,positive
2,enfant,28.456491108157838,positive
2,corruption,27.80508248715891,positive
2,enfants,26.055146844446455,positive
2,télévision,-491.1045088626255,negative
2,patron,-430.94357203210296,negative
2,transatlantic,-219.43061991171075,negative
2,adt,-213.96306851954125,negative
2,dumping,-198.81261562249102,negative
2,gentili,-193.31328885385474,negative
2,ricardian,-188.16781533438723,negative
2,marxisme,-154.52009493944837,negative
2,baltes,-140.5173754247622,negative
2,japonaise,-119.55354682625628,negative
2,impôt,-107.61746711142496,negative
2,aérien,-95.06732416591421,negative
2,forêt,-84.22618128862594,negative
2,douanier,-83.72960139017205,negative
2,basle,-76.19585984268998,negative
2,tha,-70.93450149139298,negative
2,gorbatchev,-67.18209357841536,negative
2,mfn,-66.4490830087348,negative
2,uit,-65.60085256553293,negative
2,environnementale,-65.54786503320892,negative
2,gsp,-64.04057238655685,negative
2,uti,-56.67885411044112,negative
2,brandt,-56.53196946653304,negative
2,sadc,-55.05018094078591,negative
2,persecution,-54.870192412854585,negative
2,possidetis,-52.8928412540612,negative
2,rsi,-50.69004469869483,negative
2,meinung,-40.94954284035096,negative
2,shell,-37.98298091182798,negative
2,syndicale,-37.71749985049415,negative
